{
  "system": {
    "mode": "deployment",
    "hardware": "edge",
    "log_level": "INFO",
    "max_memory_mb": 4096,
    "cpu_cores": 4
  },
  "perception": {
    "camera_count": 6,
    "radar_count": 4,
    "lidar_count": 2,
    "processing_frequency": 20
  },
  "safety": {
    "response_time_ms": 10,
    "emergency_override": true,
    "max_acceleration": 3.0,
    "max_deceleration": 8.0
  },
  "reasoning": {
    "llm_model": "dualad_opendrivevla_fusion",
    "planning_algorithm": "lattice_idm_vla"
  },
  "edge_optimization": {
    "quantization_type": "dynamic_int8",
    "batch_size": 1,
    "precision": "int8"
  }
}