{
  "package_name": "automos_ai_production",
  "version": "1.0.0",
  "deployment_type": "production",
  "creation_date": "2026-02-17T13:41:20.686790",
  "target_devices": [
    "jetson_nano",
    "jetson_xavier",
    "raspberry_pi_4",
    "industrial_pc"
  ],
  "minimum_requirements": {
    "python_version": "3.8",
    "memory_gb": 4,
    "cpu_cores": 4,
    "disk_space_gb": 10
  },
  "features": [
    "360-degree multi-camera processing",
    "Real-time safety monitoring",
    "Language-conditioned control",
    "Edge optimization",
    "Emergency override",
    "HD-map-free navigation",
    "Social intent recognition"
  ],
  "components": {
    "core_reasoning": true,
    "perception_pipeline": true,
    "safety_critic": true,
    "world_model": true,
    "edge_optimization": true,
    "monitoring_system": true
  }
}